objectid,election_name,election_date,ward,total_votes,registered_voters_as_of,registered_voters,turnout
1,2023 General,2023/11/07,01,5446,2023/11/07,13137,0.415
2,2023 General,2023/11/07,02,8943,2023/11/07,20641,0.433
3,2023 General,2023/11/07,03,4113,2023/11/07,13325,0.309
4,2023 General,2023/11/07,04,3602,2023/11/07,13207,0.273
5,2023 General,2023/11/07,05,12581,2023/11/07,37477,0.336
6,2023 General,2023/11/07,06,2543,2023/11/07,9631,0.264
7,2023 General,2023/11/07,07,1528,2023/11/07,12391,0.123
8,2023 General,2023/11/07,08,12915,2023/11/07,34873,0.37
9,2023 General,2023/11/07,09,6720,2023/11/07,12399,0.542
10,2023 General,2023/11/07,10,6360,2023/11/07,16954,0.375
11,2023 General,2023/11/07,11,2176,2023/11/07,9302,0.234
12,2023 General,2023/11/07,12,4441,2023/11/07,15187,0.292
13,2023 General,2023/11/07,13,3780,2023/11/07,13492,0.28
14,2023 General,2023/11/07,14,1875,2023/11/07,6626,0.283
15,2023 General,2023/11/07,15,6844,2023/11/07,14757,0.464
16,2023 General,2023/11/07,16,1572,2023/11/07,7531,0.209
17,2023 General,2023/11/07,17,4860,2023/11/07,15240,0.319
18,2023 General,2023/11/07,18,5231,2023/11/07,15531,0.337
19,2023 General,2023/11/07,19,1399,2023/11/07,8857,0.158
20,2023 General,2023/11/07,20,1550,2023/11/07,7491,0.207
21,2023 General,2023/11/07,21,13994,2023/11/07,35229,0.397
22,2023 General,2023/11/07,22,8571,2023/11/07,17186,0.499
23,2023 General,2023/11/07,23,2830,2023/11/07,14210,0.199
24,2023 General,2023/11/07,24,2687,2023/11/07,11677,0.23
25,2023 General,2023/11/07,25,2654,2023/11/07,13008,0.204
26,2023 General,2023/11/07,26,5352,2023/11/07,13631,0.393
27,2023 General,2023/11/07,27,3991,2023/11/07,19112,0.209
28,2023 General,2023/11/07,28,1905,2023/11/07,7769,0.245
29,2023 General,2023/11/07,29,2775,2023/11/07,8560,0.324
30,2023 General,2023/11/07,30,6172,2023/11/07,15617,0.395
31,2023 General,2023/11/07,31,4524,2023/11/07,13211,0.342
32,2023 General,2023/11/07,32,2929,2023/11/07,13495,0.217
33,2023 General,2023/11/07,33,1819,2023/11/07,13272,0.137
34,2023 General,2023/11/07,34,8836,2023/11/07,25363,0.348
35,2023 General,2023/11/07,35,4537,2023/11/07,18546,0.245
36,2023 General,2023/11/07,36,7981,2023/11/07,23704,0.337
37,2023 General,2023/11/07,37,1762,2023/11/07,8947,0.197
38,2023 General,2023/11/07,38,4562,2023/11/07,12944,0.352
39,2023 General,2023/11/07,39,8884,2023/11/07,26073,0.341
40,2023 General,2023/11/07,40,7334,2023/11/07,28589,0.257
41,2023 General,2023/11/07,41,2577,2023/11/07,12525,0.206
42,2023 General,2023/11/07,42,3116,2023/11/07,16178,0.193
43,2023 General,2023/11/07,43,2194,2023/11/07,12738,0.172
44,2023 General,2023/11/07,44,2517,2023/11/07,9535,0.264
45,2023 General,2023/11/07,45,3668,2023/11/07,14513,0.253
46,2023 General,2023/11/07,46,6224,2023/11/07,15763,0.395
47,2023 General,2023/11/07,47,1451,2023/11/07,7077,0.205
48,2023 General,2023/11/07,48,3675,2023/11/07,12784,0.287
49,2023 General,2023/11/07,49,4394,2023/11/07,15771,0.279
50,2023 General,2023/11/07,50,8672,2023/11/07,18804,0.461
51,2023 General,2023/11/07,51,4324,2023/11/07,14867,0.291
52,2023 General,2023/11/07,52,6638,2023/11/07,17266,0.384
53,2023 General,2023/11/07,53,3260,2023/11/07,12559,0.26
54,2023 General,2023/11/07,54,1796,2023/11/07,9108,0.197
55,2023 General,2023/11/07,55,2979,2023/11/07,12975,0.23
56,2023 General,2023/11/07,56,6014,2023/11/07,21077,0.285
57,2023 General,2023/11/07,57,5809,2023/11/07,16694,0.348
58,2023 General,2023/11/07,58,9548,2023/11/07,28012,0.341
59,2023 General,2023/11/07,59,5171,2023/11/07,15058,0.343
60,2023 General,2023/11/07,60,3927,2023/11/07,12883,0.305
61,2023 General,2023/11/07,61,5404,2023/11/07,17354,0.311
62,2023 General,2023/11/07,62,3070,2023/11/07,15748,0.195
63,2023 General,2023/11/07,63,6272,2023/11/07,15256,0.411
64,2023 General,2023/11/07,64,2537,2023/11/07,8649,0.293
65,2023 General,2023/11/07,65,4710,2023/11/07,14102,0.334
66,2023 General,2023/11/07,66,10136,2023/11/07,27833,0.364
67,2023 Primary,2023/05/16,01,5173,2023/05/16,13040,0.397
68,2023 Primary,2023/05/16,02,8502,2023/05/16,20384,0.417
69,2023 Primary,2023/05/16,03,3584,2023/05/16,13187,0.272
70,2023 Primary,2023/05/16,04,3272,2023/05/16,13164,0.249
71,2023 Primary,2023/05/16,05,11153,2023/05/16,36973,0.302
72,2023 Primary,2023/05/16,06,2362,2023/05/16,9577,0.247
73,2023 Primary,2023/05/16,07,1311,2023/05/16,12348,0.106
74,2023 Primary,2023/05/16,08,11743,2023/05/16,34462,0.341
75,2023 Primary,2023/05/16,09,6351,2023/05/16,12349,0.514
76,2023 Primary,2023/05/16,10,5874,2023/05/16,16900,0.348
77,2023 Primary,2023/05/16,11,2026,2023/05/16,9194,0.22
78,2023 Primary,2023/05/16,12,4164,2023/05/16,14918,0.279
79,2023 Primary,2023/05/16,13,3398,2023/05/16,13382,0.254
80,2023 Primary,2023/05/16,14,1703,2023/05/16,6598,0.258
81,2023 Primary,2023/05/16,15,6445,2023/05/16,14616,0.441
82,2023 Primary,2023/05/16,16,1440,2023/05/16,7500,0.192
83,2023 Primary,2023/05/16,17,4428,2023/05/16,15149,0.292
84,2023 Primary,2023/05/16,18,4714,2023/05/16,15173,0.311
85,2023 Primary,2023/05/16,19,1264,2023/05/16,8796,0.144
86,2023 Primary,2023/05/16,20,1164,2023/05/16,7070,0.165
87,2023 Primary,2023/05/16,21,11606,2023/05/16,34984,0.332
88,2023 Primary,2023/05/16,22,8056,2023/05/16,17104,0.471
89,2023 Primary,2023/05/16,23,2467,2023/05/16,14170,0.174
90,2023 Primary,2023/05/16,24,2276,2023/05/16,11225,0.203
91,2023 Primary,2023/05/16,25,2165,2023/05/16,12681,0.171
92,2023 Primary,2023/05/16,26,4293,2023/05/16,13570,0.316
93,2023 Primary,2023/05/16,27,2799,2023/05/16,18354,0.153
94,2023 Primary,2023/05/16,28,1736,2023/05/16,7743,0.224
95,2023 Primary,2023/05/16,29,2597,2023/05/16,8449,0.307
96,2023 Primary,2023/05/16,30,5749,2023/05/16,15425,0.373
97,2023 Primary,2023/05/16,31,4139,2023/05/16,12973,0.319
98,2023 Primary,2023/05/16,32,2662,2023/05/16,13220,0.201
99,2023 Primary,2023/05/16,33,1466,2023/05/16,13102,0.112
100,2023 Primary,2023/05/16,34,8043,2023/05/16,25184,0.319
101,2023 Primary,2023/05/16,35,3752,2023/05/16,18573,0.202
102,2023 Primary,2023/05/16,36,7328,2023/05/16,23333,0.314
103,2023 Primary,2023/05/16,37,1578,2023/05/16,8943,0.176
104,2023 Primary,2023/05/16,38,4130,2023/05/16,12916,0.32
105,2023 Primary,2023/05/16,39,7900,2023/05/16,26022,0.304
106,2023 Primary,2023/05/16,40,6508,2023/05/16,28484,0.228
107,2023 Primary,2023/05/16,41,2029,2023/05/16,12523,0.162
108,2023 Primary,2023/05/16,42,2549,2023/05/16,16150,0.158
109,2023 Primary,2023/05/16,43,1959,2023/05/16,12735,0.154
110,2023 Primary,2023/05/16,44,2257,2023/05/16,9412,0.24
111,2023 Primary,2023/05/16,45,2932,2023/05/16,14412,0.203
112,2023 Primary,2023/05/16,46,5987,2023/05/16,15599,0.384
113,2023 Primary,2023/05/16,47,1243,2023/05/16,6841,0.182
114,2023 Primary,2023/05/16,48,3375,2023/05/16,12795,0.264
115,2023 Primary,2023/05/16,49,4014,2023/05/16,15656,0.256
116,2023 Primary,2023/05/16,50,8094,2023/05/16,18777,0.431
117,2023 Primary,2023/05/16,51,3903,2023/05/16,14795,0.264
118,2023 Primary,2023/05/16,52,6229,2023/05/16,17235,0.361
119,2023 Primary,2023/05/16,53,2616,2023/05/16,12542,0.209
120,2023 Primary,2023/05/16,54,1441,2023/05/16,9147,0.158
121,2023 Primary,2023/05/16,55,2336,2023/05/16,12998,0.18
122,2023 Primary,2023/05/16,56,4688,2023/05/16,21183,0.221
123,2023 Primary,2023/05/16,57,4429,2023/05/16,16687,0.265
124,2023 Primary,2023/05/16,58,6723,2023/05/16,28173,0.239
125,2023 Primary,2023/05/16,59,4768,2023/05/16,14855,0.321
126,2023 Primary,2023/05/16,60,3643,2023/05/16,12710,0.287
127,2023 Primary,2023/05/16,61,4689,2023/05/16,17285,0.271
128,2023 Primary,2023/05/16,62,2502,2023/05/16,15584,0.161
129,2023 Primary,2023/05/16,63,4797,2023/05/16,15218,0.315
130,2023 Primary,2023/05/16,64,1981,2023/05/16,8714,0.227
131,2023 Primary,2023/05/16,65,3806,2023/05/16,14160,0.269
132,2023 Primary,2023/05/16,66,7452,2023/05/16,27766,0.268
133,2022 General,2022/11/08,01,8131,2022/11/08,13589,0.598
134,2022 General,2022/11/08,02,13322,2022/11/08,21152,0.63
135,2022 General,2022/11/08,03,6257,2022/11/08,13730,0.456
136,2022 General,2022/11/08,04,5736,2022/11/08,13794,0.416
137,2022 General,2022/11/08,05,20241,2022/11/08,39037,0.519
138,2022 General,2022/11/08,06,4143,2022/11/08,10225,0.405
139,2022 General,2022/11/08,07,3135,2022/11/08,13234,0.237
140,2022 General,2022/11/08,08,20364,2022/11/08,36766,0.554
141,2022 General,2022/11/08,09,9194,2022/11/08,12838,0.716
142,2022 General,2022/11/08,10,8947,2022/11/08,17450,0.513
143,2022 General,2022/11/08,11,3534,2022/11/08,9797,0.361
144,2022 General,2022/11/08,12,6584,2022/11/08,15547,0.423
145,2022 General,2022/11/08,13,5695,2022/11/08,13956,0.408
146,2022 General,2022/11/08,14,3208,2022/11/08,6838,0.469
147,2022 General,2022/11/08,15,9915,2022/11/08,15062,0.658
148,2022 General,2022/11/08,16,2612,2022/11/08,7942,0.329
149,2022 General,2022/11/08,17,7062,2022/11/08,15731,0.449
150,2022 General,2022/11/08,18,8614,2022/11/08,15611,0.552
151,2022 General,2022/11/08,19,2656,2022/11/08,9302,0.286
152,2022 General,2022/11/08,20,2661,2022/11/08,7512,0.354
153,2022 General,2022/11/08,21,22196,2022/11/08,36177,0.614
154,2022 General,2022/11/08,22,11192,2022/11/08,17707,0.632
155,2022 General,2022/11/08,23,4951,2022/11/08,14883,0.333
156,2022 General,2022/11/08,24,4574,2022/11/08,11938,0.383
157,2022 General,2022/11/08,25,4533,2022/11/08,13219,0.343
158,2022 General,2022/11/08,26,7929,2022/11/08,13889,0.571
159,2022 General,2022/11/08,27,7191,2022/11/08,21073,0.341
160,2022 General,2022/11/08,28,3024,2022/11/08,8085,0.374
161,2022 General,2022/11/08,29,4538,2022/11/08,8783,0.517
162,2022 General,2022/11/08,30,9739,2022/11/08,16010,0.608
163,2022 General,2022/11/08,31,7441,2022/11/08,13444,0.553
164,2022 General,2022/11/08,32,5020,2022/11/08,14022,0.358
165,2022 General,2022/11/08,33,3706,2022/11/08,13773,0.269
166,2022 General,2022/11/08,34,13010,2022/11/08,26109,0.498
167,2022 General,2022/11/08,35,7869,2022/11/08,19259,0.409
168,2022 General,2022/11/08,36,12601,2022/11/08,24105,0.523
169,2022 General,2022/11/08,37,3011,2022/11/08,9559,0.315
170,2022 General,2022/11/08,38,6970,2022/11/08,13489,0.517
171,2022 General,2022/11/08,39,13883,2022/11/08,26887,0.516
172,2022 General,2022/11/08,40,12227,2022/11/08,29589,0.413
173,2022 General,2022/11/08,41,4719,2022/11/08,13025,0.362
174,2022 General,2022/11/08,42,5478,2022/11/08,16810,0.326
175,2022 General,2022/11/08,43,3998,2022/11/08,13463,0.297
176,2022 General,2022/11/08,44,3875,2022/11/08,9989,0.388
177,2022 General,2022/11/08,45,6078,2022/11/08,14929,0.407
178,2022 General,2022/11/08,46,8962,2022/11/08,16450,0.545
179,2022 General,2022/11/08,47,2646,2022/11/08,7272,0.364
180,2022 General,2022/11/08,48,5987,2022/11/08,13248,0.452
181,2022 General,2022/11/08,49,6901,2022/11/08,16322,0.423
182,2022 General,2022/11/08,50,11268,2022/11/08,19332,0.583
183,2022 General,2022/11/08,51,6630,2022/11/08,15433,0.43
184,2022 General,2022/11/08,52,9592,2022/11/08,18181,0.528
185,2022 General,2022/11/08,53,5677,2022/11/08,13059,0.435
186,2022 General,2022/11/08,54,3533,2022/11/08,9664,0.366
187,2022 General,2022/11/08,55,5340,2022/11/08,13718,0.389
188,2022 General,2022/11/08,56,10171,2022/11/08,22167,0.459
189,2022 General,2022/11/08,57,9079,2022/11/08,17196,0.528
190,2022 General,2022/11/08,58,15677,2022/11/08,29111,0.539
191,2022 General,2022/11/08,59,7454,2022/11/08,15555,0.479
192,2022 General,2022/11/08,60,6050,2022/11/08,13485,0.449
193,2022 General,2022/11/08,61,8243,2022/11/08,17908,0.46
194,2022 General,2022/11/08,62,5740,2022/11/08,16303,0.352
195,2022 General,2022/11/08,63,9493,2022/11/08,15669,0.606
196,2022 General,2022/11/08,64,4129,2022/11/08,9172,0.45
197,2022 General,2022/11/08,65,7238,2022/11/08,14801,0.489
198,2022 General,2022/11/08,66,15794,2022/11/08,28515,0.554
199,2022 Primary,2022/05/17,01,4933,2022/05/13,13293,0.371
200,2022 Primary,2022/05/17,02,7400,2022/05/13,20626,0.359
201,2022 Primary,2022/05/17,03,3066,2022/05/13,13433,0.228
202,2022 Primary,2022/05/17,04,2617,2022/05/13,13450,0.195
203,2022 Primary,2022/05/17,05,9862,2022/05/13,37119,0.266
204,2022 Primary,2022/05/17,06,1987,2022/05/13,10054,0.198
205,2022 Primary,2022/05/17,07,820,2022/05/13,13057,0.063
206,2022 Primary,2022/05/17,08,10350,2022/05/13,34524,0.3
207,2022 Primary,2022/05/17,09,5961,2022/05/13,12595,0.473
208,2022 Primary,2022/05/17,10,4876,2022/05/13,17280,0.282
209,2022 Primary,2022/05/17,11,1686,2022/05/13,9510,0.177
210,2022 Primary,2022/05/17,12,3398,2022/05/13,15358,0.221
211,2022 Primary,2022/05/17,13,2777,2022/05/13,13744,0.202
212,2022 Primary,2022/05/17,14,1427,2022/05/13,6514,0.219
213,2022 Primary,2022/05/17,15,5559,2022/05/13,14482,0.384
214,2022 Primary,2022/05/17,16,1137,2022/05/13,7838,0.145
215,2022 Primary,2022/05/17,17,3666,2022/05/13,15504,0.236
216,2022 Primary,2022/05/17,18,3916,2022/05/13,14973,0.262
217,2022 Primary,2022/05/17,19,827,2022/05/13,9186,0.09
218,2022 Primary,2022/05/17,20,930,2022/05/13,7005,0.133
219,2022 Primary,2022/05/17,21,11192,2022/05/13,35175,0.318
220,2022 Primary,2022/05/17,22,7095,2022/05/13,17450,0.407
221,2022 Primary,2022/05/17,23,1959,2022/05/13,14672,0.134
222,2022 Primary,2022/05/17,24,1960,2022/05/13,11212,0.175
223,2022 Primary,2022/05/17,25,1877,2022/05/13,12761,0.147
224,2022 Primary,2022/05/17,26,3903,2022/05/13,13605,0.287
225,2022 Primary,2022/05/17,27,2421,2022/05/13,19483,0.124
226,2022 Primary,2022/05/17,28,1416,2022/05/13,8011,0.177
227,2022 Primary,2022/05/17,29,2079,2022/05/13,8403,0.247
228,2022 Primary,2022/05/17,30,4915,2022/05/13,15181,0.324
229,2022 Primary,2022/05/17,31,3584,2022/05/13,12862,0.279
230,2022 Primary,2022/05/17,32,2124,2022/05/13,13677,0.155
231,2022 Primary,2022/05/17,33,1095,2022/05/13,13665,0.08
232,2022 Primary,2022/05/17,34,6365,2022/05/13,25765,0.247
233,2022 Primary,2022/05/17,35,3103,2022/05/13,19080,0.163
234,2022 Primary,2022/05/17,36,6118,2022/05/13,23535,0.26
235,2022 Primary,2022/05/17,37,1212,2022/05/13,9501,0.128
236,2022 Primary,2022/05/17,38,3701,2022/05/13,13243,0.279
237,2022 Primary,2022/05/17,39,7337,2022/05/13,26521,0.277
238,2022 Primary,2022/05/17,40,5176,2022/05/13,29051,0.178
239,2022 Primary,2022/05/17,41,1834,2022/05/13,12898,0.142
240,2022 Primary,2022/05/17,42,1834,2022/05/13,16724,0.11
241,2022 Primary,2022/05/17,43,1579,2022/05/13,13358,0.118
242,2022 Primary,2022/05/17,44,1887,2022/05/13,9695,0.195
243,2022 Primary,2022/05/17,45,2913,2022/05/13,14808,0.197
244,2022 Primary,2022/05/17,46,5212,2022/05/13,15940,0.327
245,2022 Primary,2022/05/17,47,984,2022/05/13,6823,0.144
246,2022 Primary,2022/05/17,48,2872,2022/05/13,13113,0.219
247,2022 Primary,2022/05/17,49,3146,2022/05/13,16055,0.196
248,2022 Primary,2022/05/17,50,6828,2022/05/13,19239,0.355
249,2022 Primary,2022/05/17,51,3297,2022/05/13,15178,0.217
250,2022 Primary,2022/05/17,52,5132,2022/05/13,17818,0.288
251,2022 Primary,2022/05/17,53,2381,2022/05/13,12975,0.184
252,2022 Primary,2022/05/17,54,1311,2022/05/13,9684,0.135
253,2022 Primary,2022/05/17,55,2226,2022/05/13,13832,0.161
254,2022 Primary,2022/05/17,56,4661,2022/05/13,22104,0.211
255,2022 Primary,2022/05/17,57,4496,2022/05/13,17144,0.262
256,2022 Primary,2022/05/17,58,7496,2022/05/13,28939,0.259
257,2022 Primary,2022/05/17,59,3983,2022/05/13,15332,0.26
258,2022 Primary,2022/05/17,60,3152,2022/05/13,13115,0.24
259,2022 Primary,2022/05/17,61,3751,2022/05/13,17754,0.211
260,2022 Primary,2022/05/17,62,1998,2022/05/13,16128,0.124
261,2022 Primary,2022/05/17,63,4796,2022/05/13,15520,0.309
262,2022 Primary,2022/05/17,64,1979,2022/05/13,9193,0.215
263,2022 Primary,2022/05/17,65,3772,2022/05/13,14673,0.257
264,2022 Primary,2022/05/17,66,7959,2022/05/13,28350,0.281
265,2021 General,2021/11/02,01,4345,2021/11/02,13233,0.328
266,2021 General,2021/11/02,02,6860,2021/11/02,20406,0.336
267,2021 General,2021/11/02,03,2628,2021/11/02,13532,0.194
268,2021 General,2021/11/02,04,2335,2021/11/02,13547,0.172
269,2021 General,2021/11/02,05,9343,2021/11/02,36615,0.255
270,2021 General,2021/11/02,06,1710,2021/11/02,10164,0.168
271,2021 General,2021/11/02,07,774,2021/11/02,13145,0.059
272,2021 General,2021/11/02,08,10134,2021/11/02,34208,0.296
273,2021 General,2021/11/02,09,5506,2021/11/02,12514,0.44
274,2021 General,2021/11/02,10,4317,2021/11/02,17411,0.248
275,2021 General,2021/11/02,11,1490,2021/11/02,9602,0.155
276,2021 General,2021/11/02,12,2946,2021/11/02,15399,0.191
277,2021 General,2021/11/02,13,2598,2021/11/02,13874,0.187
278,2021 General,2021/11/02,14,1280,2021/11/02,6445,0.199
279,2021 General,2021/11/02,15,5195,2021/11/02,14371,0.361
280,2021 General,2021/11/02,16,1028,2021/11/02,7920,0.13
281,2021 General,2021/11/02,17,3244,2021/11/02,15625,0.208
282,2021 General,2021/11/02,18,3500,2021/11/02,14763,0.237
283,2021 General,2021/11/02,19,697,2021/11/02,9251,0.075
284,2021 General,2021/11/02,20,848,2021/11/02,7014,0.121
285,2021 General,2021/11/02,21,10306,2021/11/02,34856,0.296
286,2021 General,2021/11/02,22,6328,2021/11/02,17489,0.362
287,2021 General,2021/11/02,23,1866,2021/11/02,14776,0.126
288,2021 General,2021/11/02,24,1696,2021/11/02,11227,0.151
289,2021 General,2021/11/02,25,1877,2021/11/02,12728,0.147
290,2021 General,2021/11/02,26,4010,2021/11/02,13504,0.297
291,2021 General,2021/11/02,27,2402,2021/11/02,19362,0.124
292,2021 General,2021/11/02,28,1239,2021/11/02,8054,0.154
293,2021 General,2021/11/02,29,1891,2021/11/02,8436,0.224
294,2021 General,2021/11/02,30,4628,2021/11/02,15114,0.306
295,2021 General,2021/11/02,31,3213,2021/11/02,12714,0.253
296,2021 General,2021/11/02,32,1857,2021/11/02,13829,0.134
297,2021 General,2021/11/02,33,954,2021/11/02,13674,0.07
298,2021 General,2021/11/02,34,5760,2021/11/02,25794,0.223
299,2021 General,2021/11/02,35,2797,2021/11/02,19167,0.146
300,2021 General,2021/11/02,36,5341,2021/11/02,23565,0.227
301,2021 General,2021/11/02,37,1143,2021/11/02,9640,0.119
302,2021 General,2021/11/02,38,3272,2021/11/02,13197,0.248
303,2021 General,2021/11/02,39,6567,2021/11/02,26422,0.249
304,2021 General,2021/11/02,40,4565,2021/11/02,29148,0.157
305,2021 General,2021/11/02,41,1754,2021/11/02,12974,0.135
306,2021 General,2021/11/02,42,1679,2021/11/02,16836,0.1
307,2021 General,2021/11/02,43,1239,2021/11/02,13416,0.092
308,2021 General,2021/11/02,44,1605,2021/11/02,9796,0.164
309,2021 General,2021/11/02,45,2905,2021/11/02,14820,0.196
310,2021 General,2021/11/02,46,4555,2021/11/02,15958,0.285
311,2021 General,2021/11/02,47,857,2021/11/02,6784,0.126
312,2021 General,2021/11/02,48,2506,2021/11/02,13097,0.191
313,2021 General,2021/11/02,49,2963,2021/11/02,16129,0.184
314,2021 General,2021/11/02,50,6253,2021/11/02,19290,0.324
315,2021 General,2021/11/02,51,2751,2021/11/02,15244,0.18
316,2021 General,2021/11/02,52,4746,2021/11/02,17735,0.268
317,2021 General,2021/11/02,53,2144,2021/11/02,13067,0.164
318,2021 General,2021/11/02,54,1173,2021/11/02,9849,0.119
319,2021 General,2021/11/02,55,2320,2021/11/02,14166,0.164
320,2021 General,2021/11/02,56,4411,2021/11/02,22216,0.199
321,2021 General,2021/11/02,57,4490,2021/11/02,17191,0.261
322,2021 General,2021/11/02,58,7917,2021/11/02,29205,0.271
323,2021 General,2021/11/02,59,3539,2021/11/02,15356,0.23
324,2021 General,2021/11/02,60,2637,2021/11/02,13203,0.2
325,2021 General,2021/11/02,61,3358,2021/11/02,17865,0.188
326,2021 General,2021/11/02,62,1957,2021/11/02,16229,0.121
327,2021 General,2021/11/02,63,5204,2021/11/02,15590,0.334
328,2021 General,2021/11/02,64,2076,2021/11/02,9259,0.224
329,2021 General,2021/11/02,65,3728,2021/11/02,14684,0.254
330,2021 General,2021/11/02,66,8443,2021/11/02,28372,0.298
331,2021 Primary,2021/05/18,01,4407,2021/05/11,13234,0.333
332,2021 Primary,2021/05/18,02,6674,2021/05/11,20328,0.328
333,2021 Primary,2021/05/18,03,2702,2021/05/11,13578,0.199
334,2021 Primary,2021/05/18,04,2396,2021/05/11,13593,0.176
335,2021 Primary,2021/05/18,05,8553,2021/05/11,36355,0.235
336,2021 Primary,2021/05/18,06,1813,2021/05/11,10256,0.177
337,2021 Primary,2021/05/18,07,623,2021/05/11,13193,0.047
338,2021 Primary,2021/05/18,08,9067,2021/05/11,33991,0.267
339,2021 Primary,2021/05/18,09,5530,2021/05/11,12508,0.442
340,2021 Primary,2021/05/18,10,4336,2021/05/11,17559,0.247
341,2021 Primary,2021/05/18,11,1550,2021/05/11,9686,0.16
342,2021 Primary,2021/05/18,12,3190,2021/05/11,15483,0.206
343,2021 Primary,2021/05/18,13,2574,2021/05/11,13921,0.185
344,2021 Primary,2021/05/18,14,1340,2021/05/11,6445,0.208
345,2021 Primary,2021/05/18,15,5150,2021/05/11,14399,0.358
346,2021 Primary,2021/05/18,16,1080,2021/05/11,8000,0.135
347,2021 Primary,2021/05/18,17,3290,2021/05/11,15688,0.21
348,2021 Primary,2021/05/18,18,3558,2021/05/11,14668,0.243
349,2021 Primary,2021/05/18,19,742,2021/05/11,9316,0.08
350,2021 Primary,2021/05/18,20,868,2021/05/11,6987,0.124
351,2021 Primary,2021/05/18,21,9585,2021/05/11,34914,0.275
352,2021 Primary,2021/05/18,22,6605,2021/05/11,17497,0.377
353,2021 Primary,2021/05/18,23,1851,2021/05/11,14809,0.125
354,2021 Primary,2021/05/18,24,1705,2021/05/11,11215,0.152
355,2021 Primary,2021/05/18,25,1813,2021/05/11,12812,0.142
356,2021 Primary,2021/05/18,26,3683,2021/05/11,13472,0.273
357,2021 Primary,2021/05/18,27,2333,2021/05/11,18886,0.124
358,2021 Primary,2021/05/18,28,1337,2021/05/11,8165,0.164
359,2021 Primary,2021/05/18,29,2004,2021/05/11,8432,0.238
360,2021 Primary,2021/05/18,30,4174,2021/05/11,15006,0.278
361,2021 Primary,2021/05/18,31,3309,2021/05/11,12660,0.261
362,2021 Primary,2021/05/18,32,1939,2021/05/11,13904,0.139
363,2021 Primary,2021/05/18,33,978,2021/05/11,13790,0.071
364,2021 Primary,2021/05/18,34,6223,2021/05/11,25918,0.24
365,2021 Primary,2021/05/18,35,2779,2021/05/11,19266,0.144
366,2021 Primary,2021/05/18,36,5549,2021/05/11,23544,0.236
367,2021 Primary,2021/05/18,37,1122,2021/05/11,9774,0.115
368,2021 Primary,2021/05/18,38,3262,2021/05/11,13218,0.247
369,2021 Primary,2021/05/18,39,6530,2021/05/11,26507,0.246
370,2021 Primary,2021/05/18,40,4575,2021/05/11,29225,0.157
371,2021 Primary,2021/05/18,41,1721,2021/05/11,13088,0.131
372,2021 Primary,2021/05/18,42,1697,2021/05/11,16936,0.1
373,2021 Primary,2021/05/18,43,1223,2021/05/11,13544,0.09
374,2021 Primary,2021/05/18,44,1760,2021/05/11,9828,0.179
375,2021 Primary,2021/05/18,45,2573,2021/05/11,14834,0.173
376,2021 Primary,2021/05/18,46,4893,2021/05/11,16044,0.305
377,2021 Primary,2021/05/18,47,924,2021/05/11,6837,0.135
378,2021 Primary,2021/05/18,48,2603,2021/05/11,13138,0.198
379,2021 Primary,2021/05/18,49,2927,2021/05/11,16192,0.181
380,2021 Primary,2021/05/18,50,6228,2021/05/11,19405,0.321
381,2021 Primary,2021/05/18,51,2999,2021/05/11,15295,0.196
382,2021 Primary,2021/05/18,52,4711,2021/05/11,17802,0.265
383,2021 Primary,2021/05/18,53,2062,2021/05/11,13234,0.156
384,2021 Primary,2021/05/18,54,1141,2021/05/11,9945,0.115
385,2021 Primary,2021/05/18,55,2232,2021/05/11,14406,0.155
386,2021 Primary,2021/05/18,56,3862,2021/05/11,22466,0.172
387,2021 Primary,2021/05/18,57,4078,2021/05/11,17259,0.236
388,2021 Primary,2021/05/18,58,6382,2021/05/11,29533,0.216
389,2021 Primary,2021/05/18,59,3788,2021/05/11,15453,0.245
390,2021 Primary,2021/05/18,60,2867,2021/05/11,13331,0.215
391,2021 Primary,2021/05/18,61,3399,2021/05/11,18010,0.189
392,2021 Primary,2021/05/18,62,1928,2021/05/11,16365,0.118
393,2021 Primary,2021/05/18,63,4710,2021/05/11,15724,0.3
394,2021 Primary,2021/05/18,64,1885,2021/05/11,9401,0.201
395,2021 Primary,2021/05/18,65,3372,2021/05/11,14802,0.228
396,2021 Primary,2021/05/18,66,7533,2021/05/11,28492,0.264
397,2020 General,2020/11/03,01,10284,2020/11/03,13992,0.735
398,2020 General,2020/11/03,02,15905,2020/11/03,21755,0.731
399,2020 General,2020/11/03,03,9521,2020/11/03,14362,0.663
400,2020 General,2020/11/03,04,9171,2020/11/03,14420,0.636
401,2020 General,2020/11/03,05,25409,2020/11/03,39645,0.641
402,2020 General,2020/11/03,06,6719,2020/11/03,10860,0.619
403,2020 General,2020/11/03,07,6722,2020/11/03,14585,0.461
404,2020 General,2020/11/03,08,25418,2020/11/03,37879,0.671
405,2020 General,2020/11/03,09,10598,2020/11/03,13234,0.801
406,2020 General,2020/11/03,10,13260,2020/11/03,18495,0.717
407,2020 General,2020/11/03,11,5944,2020/11/03,10355,0.574
408,2020 General,2020/11/03,12,10315,2020/11/03,16429,0.628
409,2020 General,2020/11/03,13,9057,2020/11/03,14809,0.612
410,2020 General,2020/11/03,14,4509,2020/11/03,6913,0.652
411,2020 General,2020/11/03,15,11819,2020/11/03,15598,0.758
412,2020 General,2020/11/03,16,4653,2020/11/03,8685,0.536
413,2020 General,2020/11/03,17,10958,2020/11/03,16800,0.652
414,2020 General,2020/11/03,18,11063,2020/11/03,15544,0.712
415,2020 General,2020/11/03,19,5165,2020/11/03,10235,0.505
416,2020 General,2020/11/03,20,3890,2020/11/03,7935,0.49
417,2020 General,2020/11/03,21,27766,2020/11/03,36850,0.753
418,2020 General,2020/11/03,22,14093,2020/11/03,18502,0.762
419,2020 General,2020/11/03,23,9161,2020/11/03,15813,0.579
420,2020 General,2020/11/03,24,6632,2020/11/03,12482,0.531
421,2020 General,2020/11/03,25,7702,2020/11/03,13749,0.56
422,2020 General,2020/11/03,26,10865,2020/11/03,14154,0.768
423,2020 General,2020/11/03,27,9369,2020/11/03,23473,0.399
424,2020 General,2020/11/03,28,5131,2020/11/03,8852,0.58
425,2020 General,2020/11/03,29,6087,2020/11/03,8948,0.68
426,2020 General,2020/11/03,30,11674,2020/11/03,16389,0.712
427,2020 General,2020/11/03,31,9522,2020/11/03,13518,0.704
428,2020 General,2020/11/03,32,8543,2020/11/03,15221,0.561
429,2020 General,2020/11/03,33,8036,2020/11/03,14958,0.537
430,2020 General,2020/11/03,34,19216,2020/11/03,27333,0.703
431,2020 General,2020/11/03,35,13589,2020/11/03,20408,0.666
432,2020 General,2020/11/03,36,17269,2020/11/03,24926,0.693
433,2020 General,2020/11/03,37,5632,2020/11/03,10716,0.526
434,2020 General,2020/11/03,38,9440,2020/11/03,14168,0.666
435,2020 General,2020/11/03,39,19552,2020/11/03,27977,0.699
436,2020 General,2020/11/03,40,20075,2020/11/03,31144,0.645
437,2020 General,2020/11/03,41,8767,2020/11/03,14018,0.625
438,2020 General,2020/11/03,42,10871,2020/11/03,18152,0.599
439,2020 General,2020/11/03,43,7749,2020/11/03,14648,0.529
440,2020 General,2020/11/03,44,6438,2020/11/03,10386,0.62
441,2020 General,2020/11/03,45,9888,2020/11/03,15801,0.626
442,2020 General,2020/11/03,46,11878,2020/11/03,17520,0.678
443,2020 General,2020/11/03,47,4069,2020/11/03,7698,0.529
444,2020 General,2020/11/03,48,9306,2020/11/03,14058,0.662
445,2020 General,2020/11/03,49,11057,2020/11/03,17376,0.636
446,2020 General,2020/11/03,50,15528,2020/11/03,20322,0.764
447,2020 General,2020/11/03,51,10493,2020/11/03,16265,0.645
448,2020 General,2020/11/03,52,13235,2020/11/03,18957,0.698
449,2020 General,2020/11/03,53,9678,2020/11/03,14004,0.691
450,2020 General,2020/11/03,54,6797,2020/11/03,10686,0.636
451,2020 General,2020/11/03,55,10194,2020/11/03,15501,0.658
452,2020 General,2020/11/03,56,16374,2020/11/03,23750,0.689
453,2020 General,2020/11/03,57,13499,2020/11/03,18118,0.745
454,2020 General,2020/11/03,58,23612,2020/11/03,30970,0.762
455,2020 General,2020/11/03,59,10922,2020/11/03,16413,0.665
456,2020 General,2020/11/03,60,9259,2020/11/03,14258,0.649
457,2020 General,2020/11/03,61,13074,2020/11/03,19172,0.682
458,2020 General,2020/11/03,62,10644,2020/11/03,17521,0.607
459,2020 General,2020/11/03,63,12970,2020/11/03,16313,0.795
460,2020 General,2020/11/03,64,6934,2020/11/03,9999,0.693
461,2020 General,2020/11/03,65,11038,2020/11/03,15612,0.707
462,2020 General,2020/11/03,66,23120,2020/11/03,29679,0.779
463,2020 Primary,2020/06/02,01,5466,2020/06/02,13298,0.411
464,2020 Primary,2020/06/02,02,8910,2020/06/02,20813,0.428
465,2020 Primary,2020/06/02,03,4838,2020/06/02,13872,0.349
466,2020 Primary,2020/06/02,04,4858,2020/06/02,14058,0.346
467,2020 Primary,2020/06/02,05,11963,2020/06/02,36801,0.325
468,2020 Primary,2020/06/02,06,3361,2020/06/02,10279,0.327
469,2020 Primary,2020/06/02,07,1500,2020/06/02,14225,0.105
470,2020 Primary,2020/06/02,08,12288,2020/06/02,34902,0.352
471,2020 Primary,2020/06/02,09,6859,2020/06/02,12852,0.534
472,2020 Primary,2020/06/02,10,7661,2020/06/02,17785,0.431
473,2020 Primary,2020/06/02,11,2678,2020/06/02,10028,0.267
474,2020 Primary,2020/06/02,12,5389,2020/06/02,15744,0.342
475,2020 Primary,2020/06/02,13,4704,2020/06/02,14299,0.329
476,2020 Primary,2020/06/02,14,2262,2020/06/02,6494,0.348
477,2020 Primary,2020/06/02,15,6915,2020/06/02,14888,0.464
478,2020 Primary,2020/06/02,16,2333,2020/06/02,8479,0.275
479,2020 Primary,2020/06/02,17,5872,2020/06/02,16393,0.358
480,2020 Primary,2020/06/02,18,5298,2020/06/02,14331,0.37
481,2020 Primary,2020/06/02,19,1403,2020/06/02,9947,0.141
482,2020 Primary,2020/06/02,20,1723,2020/06/02,8597,0.2
483,2020 Primary,2020/06/02,21,12908,2020/06/02,34394,0.375
484,2020 Primary,2020/06/02,22,9437,2020/06/02,17955,0.526
485,2020 Primary,2020/06/02,23,3533,2020/06/02,15111,0.234
486,2020 Primary,2020/06/02,24,2919,2020/06/02,12468,0.234
487,2020 Primary,2020/06/02,25,2738,2020/06/02,13030,0.21
488,2020 Primary,2020/06/02,26,4231,2020/06/02,13255,0.319
489,2020 Primary,2020/06/02,27,3624,2020/06/02,22342,0.162
490,2020 Primary,2020/06/02,28,2707,2020/06/02,8530,0.317
491,2020 Primary,2020/06/02,29,3088,2020/06/02,8373,0.369
492,2020 Primary,2020/06/02,30,6107,2020/06/02,15359,0.398
493,2020 Primary,2020/06/02,31,4485,2020/06/02,12623,0.355
494,2020 Primary,2020/06/02,32,3860,2020/06/02,15084,0.256
495,2020 Primary,2020/06/02,33,2229,2020/06/02,14450,0.154
496,2020 Primary,2020/06/02,34,10708,2020/06/02,26336,0.407
497,2020 Primary,2020/06/02,35,5955,2020/06/02,19325,0.308
498,2020 Primary,2020/06/02,36,8306,2020/06/02,23498,0.353
499,2020 Primary,2020/06/02,37,2193,2020/06/02,10424,0.21
500,2020 Primary,2020/06/02,38,5002,2020/06/02,13605,0.368
501,2020 Primary,2020/06/02,39,8034,2020/06/02,26485,0.303
502,2020 Primary,2020/06/02,40,9062,2020/06/02,29858,0.304
503,2020 Primary,2020/06/02,41,3199,2020/06/02,13300,0.241
504,2020 Primary,2020/06/02,42,4021,2020/06/02,17415,0.231
505,2020 Primary,2020/06/02,43,2710,2020/06/02,14128,0.192
506,2020 Primary,2020/06/02,44,3215,2020/06/02,10020,0.321
507,2020 Primary,2020/06/02,45,3561,2020/06/02,14923,0.239
508,2020 Primary,2020/06/02,46,7263,2020/06/02,16897,0.43
509,2020 Primary,2020/06/02,47,1702,2020/06/02,7499,0.227
510,2020 Primary,2020/06/02,48,4186,2020/06/02,13396,0.312
511,2020 Primary,2020/06/02,49,5503,2020/06/02,16738,0.329
512,2020 Primary,2020/06/02,50,9689,2020/06/02,19690,0.492
513,2020 Primary,2020/06/02,51,5539,2020/06/02,15647,0.354
514,2020 Primary,2020/06/02,52,7312,2020/06/02,18172,0.402
515,2020 Primary,2020/06/02,53,3875,2020/06/02,13301,0.291
516,2020 Primary,2020/06/02,54,2532,2020/06/02,10055,0.252
517,2020 Primary,2020/06/02,55,3801,2020/06/02,14896,0.255
518,2020 Primary,2020/06/02,56,6116,2020/06/02,22497,0.272
519,2020 Primary,2020/06/02,57,5379,2020/06/02,17148,0.314
520,2020 Primary,2020/06/02,58,8343,2020/06/02,29036,0.287
521,2020 Primary,2020/06/02,59,5974,2020/06/02,15758,0.379
522,2020 Primary,2020/06/02,60,4946,2020/06/02,13739,0.36
523,2020 Primary,2020/06/02,61,6931,2020/06/02,18226,0.38
524,2020 Primary,2020/06/02,62,3902,2020/06/02,16610,0.235
525,2020 Primary,2020/06/02,63,5476,2020/06/02,15574,0.352
526,2020 Primary,2020/06/02,64,2538,2020/06/02,9557,0.266
527,2020 Primary,2020/06/02,65,4404,2020/06/02,14723,0.299
528,2020 Primary,2020/06/02,66,9111,2020/06/02,27909,0.326
529,2020 Special,2020/02/25,04,269,2020/06/02,4675,0.058
530,2020 Special,2020/02/25,06,583,2020/06/02,10279,0.057
531,2020 Special,2020/02/25,24,173,2020/06/02,3525,0.049
532,2020 Special,2020/02/25,38,52,2020/06/02,1217,0.043
533,2020 Special,2020/02/25,44,584,2020/06/02,10020,0.058
534,2020 Special,2020/02/25,52,925,2020/06/02,8479,0.109
535,2020 Special,2020/02/25,60,551,2020/06/02,9646,0.057
536,2019 General,2019/11/05,01,4978,2019/11/05,13097,0.38
537,2019 General,2019/11/05,02,7810,2019/11/05,20425,0.382
538,2019 General,2019/11/05,03,4166,2019/11/05,13722,0.304
539,2019 General,2019/11/05,04,3905,2019/11/05,14010,0.279
540,2019 General,2019/11/05,05,10019,2019/11/05,35664,0.281
541,2019 General,2019/11/05,06,2750,2019/11/05,10170,0.27
542,2019 General,2019/11/05,07,1641,2019/11/05,14171,0.116
543,2019 General,2019/11/05,08,10442,2019/11/05,33455,0.312
544,2019 General,2019/11/05,09,5842,2019/11/05,12687,0.46
545,2019 General,2019/11/05,10,6302,2019/11/05,17669,0.357
546,2019 General,2019/11/05,11,2580,2019/11/05,9984,0.258
547,2019 General,2019/11/05,12,4567,2019/11/05,15589,0.293
548,2019 General,2019/11/05,13,4169,2019/11/05,14269,0.292
549,2019 General,2019/11/05,14,1861,2019/11/05,6341,0.293
550,2019 General,2019/11/05,15,5666,2019/11/05,14578,0.389
551,2019 General,2019/11/05,16,1922,2019/11/05,8489,0.226
552,2019 General,2019/11/05,17,5072,2019/11/05,16369,0.31
553,2019 General,2019/11/05,18,4215,2019/11/05,13782,0.306
554,2019 General,2019/11/05,19,1442,2019/11/05,9968,0.145
555,2019 General,2019/11/05,20,1594,2019/11/05,8666,0.184
556,2019 General,2019/11/05,21,11138,2019/11/05,33555,0.332
557,2019 General,2019/11/05,22,7898,2019/11/05,17771,0.444
558,2019 General,2019/11/05,23,3036,2019/11/05,14946,0.203
559,2019 General,2019/11/05,24,2664,2019/11/05,12294,0.217
560,2019 General,2019/11/05,25,2577,2019/11/05,12835,0.201
561,2019 General,2019/11/05,26,4567,2019/11/05,13015,0.351
562,2019 General,2019/11/05,27,3668,2019/11/05,22021,0.167
563,2019 General,2019/11/05,28,2140,2019/11/05,8557,0.25
564,2019 General,2019/11/05,29,2456,2019/11/05,8165,0.301
565,2019 General,2019/11/05,30,4901,2019/11/05,15037,0.326
566,2019 General,2019/11/05,31,3957,2019/11/05,12117,0.327
567,2019 General,2019/11/05,32,3375,2019/11/05,15143,0.223
568,2019 General,2019/11/05,33,1905,2019/11/05,14323,0.133
569,2019 General,2019/11/05,34,8725,2019/11/05,26149,0.334
570,2019 General,2019/11/05,35,4662,2019/11/05,19128,0.244
571,2019 General,2019/11/05,36,7194,2019/11/05,22941,0.314
572,2019 General,2019/11/05,37,2107,2019/11/05,10412,0.202
573,2019 General,2019/11/05,38,4219,2019/11/05,13429,0.314
574,2019 General,2019/11/05,39,8846,2019/11/05,26006,0.34
575,2019 General,2019/11/05,40,7628,2019/11/05,29469,0.259
576,2019 General,2019/11/05,41,2868,2019/11/05,13034,0.22
577,2019 General,2019/11/05,42,2958,2019/11/05,17266,0.171
578,2019 General,2019/11/05,43,2266,2019/11/05,14156,0.16
579,2019 General,2019/11/05,44,2571,2019/11/05,9989,0.257
580,2019 General,2019/11/05,45,3533,2019/11/05,14722,0.24
581,2019 General,2019/11/05,46,6064,2019/11/05,16559,0.366
582,2019 General,2019/11/05,47,1402,2019/11/05,7442,0.188
583,2019 General,2019/11/05,48,3722,2019/11/05,13052,0.285
584,2019 General,2019/11/05,49,4418,2019/11/05,16642,0.265
585,2019 General,2019/11/05,50,8063,2019/11/05,19546,0.413
586,2019 General,2019/11/05,51,4361,2019/11/05,15414,0.283
587,2019 General,2019/11/05,52,6333,2019/11/05,17951,0.353
588,2019 General,2019/11/05,53,3174,2019/11/05,13144,0.241
589,2019 General,2019/11/05,54,1901,2019/11/05,9987,0.19
590,2019 General,2019/11/05,55,3721,2019/11/05,14813,0.251
591,2019 General,2019/11/05,56,6096,2019/11/05,22236,0.274
592,2019 General,2019/11/05,57,5479,2019/11/05,16941,0.323
593,2019 General,2019/11/05,58,8894,2019/11/05,28728,0.31
594,2019 General,2019/11/05,59,5049,2019/11/05,15613,0.323
595,2019 General,2019/11/05,60,3955,2019/11/05,13560,0.292
596,2019 General,2019/11/05,61,4996,2019/11/05,18038,0.277
597,2019 General,2019/11/05,62,3214,2019/11/05,16440,0.195
598,2019 General,2019/11/05,63,6071,2019/11/05,15424,0.394
599,2019 General,2019/11/05,64,2750,2019/11/05,9548,0.288
600,2019 General,2019/11/05,65,4467,2019/11/05,14416,0.31
601,2019 General,2019/11/05,66,9948,2019/11/05,27509,0.362
602,2019 Primary,2019/05/21,01,4046,2019/05/21,12849,0.315
603,2019 Primary,2019/05/21,02,6340,2019/05/21,20102,0.315
604,2019 Primary,2019/05/21,03,3753,2019/05/21,13617,0.276
605,2019 Primary,2019/05/21,04,3332,2019/05/21,13973,0.238
606,2019 Primary,2019/05/21,05,7504,2019/05/21,34867,0.215
607,2019 Primary,2019/05/21,06,2539,2019/05/21,10082,0.252
608,2019 Primary,2019/05/21,07,1853,2019/05/21,14132,0.131
609,2019 Primary,2019/05/21,08,7996,2019/05/21,32368,0.247
610,2019 Primary,2019/05/21,09,4971,2019/05/21,12584,0.395
611,2019 Primary,2019/05/21,10,5438,2019/05/21,17554,0.31
612,2019 Primary,2019/05/21,11,2145,2019/05/21,9941,0.216
613,2019 Primary,2019/05/21,12,3852,2019/05/21,15458,0.249
614,2019 Primary,2019/05/21,13,3421,2019/05/21,14172,0.241
615,2019 Primary,2019/05/21,14,1538,2019/05/21,6204,0.248
616,2019 Primary,2019/05/21,15,4675,2019/05/21,14399,0.325
617,2019 Primary,2019/05/21,16,1592,2019/05/21,8513,0.187
618,2019 Primary,2019/05/21,17,4257,2019/05/21,16298,0.261
619,2019 Primary,2019/05/21,18,3379,2019/05/21,13438,0.251
620,2019 Primary,2019/05/21,19,1821,2019/05/21,9970,0.183
621,2019 Primary,2019/05/21,20,1093,2019/05/21,8200,0.133
622,2019 Primary,2019/05/21,21,7751,2019/05/21,33056,0.234
623,2019 Primary,2019/05/21,22,6799,2019/05/21,17632,0.386
624,2019 Primary,2019/05/21,23,2523,2019/05/21,14916,0.169
625,2019 Primary,2019/05/21,24,2398,2019/05/21,12118,0.198
626,2019 Primary,2019/05/21,25,1740,2019/05/21,12710,0.137
627,2019 Primary,2019/05/21,26,3546,2019/05/21,12847,0.276
628,2019 Primary,2019/05/21,27,2491,2019/05/21,21275,0.117
629,2019 Primary,2019/05/21,28,1850,2019/05/21,8566,0.216
630,2019 Primary,2019/05/21,29,1914,2019/05/21,7938,0.241
631,2019 Primary,2019/05/21,30,4175,2019/05/21,14785,0.282
632,2019 Primary,2019/05/21,31,2950,2019/05/21,11898,0.248
633,2019 Primary,2019/05/21,32,2755,2019/05/21,14942,0.184
634,2019 Primary,2019/05/21,33,1809,2019/05/21,14134,0.128
635,2019 Primary,2019/05/21,34,7395,2019/05/21,25926,0.285
636,2019 Primary,2019/05/21,35,3192,2019/05/21,18908,0.169
637,2019 Primary,2019/05/21,36,6381,2019/05/21,22595,0.282
638,2019 Primary,2019/05/21,37,1777,2019/05/21,10404,0.171
639,2019 Primary,2019/05/21,38,3359,2019/05/21,13328,0.252
640,2019 Primary,2019/05/21,39,6949,2019/05/21,25742,0.27
641,2019 Primary,2019/05/21,40,6239,2019/05/21,29194,0.214
642,2019 Primary,2019/05/21,41,1863,2019/05/21,12972,0.144
643,2019 Primary,2019/05/21,42,2489,2019/05/21,17113,0.145
644,2019 Primary,2019/05/21,43,2175,2019/05/21,14212,0.153
645,2019 Primary,2019/05/21,44,2336,2019/05/21,9940,0.235
646,2019 Primary,2019/05/21,45,2229,2019/05/21,14586,0.153
647,2019 Primary,2019/05/21,46,5852,2019/05/21,16461,0.356
648,2019 Primary,2019/05/21,47,1057,2019/05/21,7330,0.144
649,2019 Primary,2019/05/21,48,3126,2019/05/21,12941,0.242
650,2019 Primary,2019/05/21,49,3730,2019/05/21,16646,0.224
651,2019 Primary,2019/05/21,50,7099,2019/05/21,19474,0.365
652,2019 Primary,2019/05/21,51,4081,2019/05/21,15269,0.267
653,2019 Primary,2019/05/21,52,5522,2019/05/21,17751,0.311
654,2019 Primary,2019/05/21,53,2213,2019/05/21,13011,0.17
655,2019 Primary,2019/05/21,54,1258,2019/05/21,9918,0.127
656,2019 Primary,2019/05/21,55,2496,2019/05/21,14886,0.168
657,2019 Primary,2019/05/21,56,3991,2019/05/21,22170,0.18
658,2019 Primary,2019/05/21,57,3511,2019/05/21,16838,0.209
659,2019 Primary,2019/05/21,58,5373,2019/05/21,28553,0.188
660,2019 Primary,2019/05/21,59,4109,2019/05/21,15419,0.266
661,2019 Primary,2019/05/21,60,3682,2019/05/21,13494,0.273
662,2019 Primary,2019/05/21,61,3943,2019/05/21,17845,0.221
663,2019 Primary,2019/05/21,62,2400,2019/05/21,16286,0.147
664,2019 Primary,2019/05/21,63,3936,2019/05/21,15369,0.256
665,2019 Primary,2019/05/21,64,1837,2019/05/21,9571,0.192
666,2019 Primary,2019/05/21,65,3067,2019/05/21,14252,0.215
667,2019 Primary,2019/05/21,66,6072,2019/05/21,27272,0.223
668,2018 General,2018/11/06,01,7856,2018/11/06,12930,0.608
669,2018 General,2018/11/06,02,12951,2018/11/06,20244,0.64
670,2018 General,2018/11/06,03,7673,2018/11/06,13692,0.56
671,2018 General,2018/11/06,04,7372,2018/11/06,13985,0.527
672,2018 General,2018/11/06,05,19511,2018/11/06,36354,0.537
673,2018 General,2018/11/06,06,5250,2018/11/06,10155,0.517
674,2018 General,2018/11/06,07,4407,2018/11/06,14370,0.307
675,2018 General,2018/11/06,08,19286,2018/11/06,33472,0.576
676,2018 General,2018/11/06,09,9125,2018/11/06,12717,0.718
677,2018 General,2018/11/06,10,11143,2018/11/06,17672,0.631
678,2018 General,2018/11/06,11,4760,2018/11/06,10084,0.472
679,2018 General,2018/11/06,12,8161,2018/11/06,15728,0.519
680,2018 General,2018/11/06,13,7468,2018/11/06,14301,0.522
681,2018 General,2018/11/06,14,3424,2018/11/06,6280,0.545
682,2018 General,2018/11/06,15,9813,2018/11/06,14566,0.674
683,2018 General,2018/11/06,16,3825,2018/11/06,8632,0.443
684,2018 General,2018/11/06,17,9165,2018/11/06,16412,0.558
685,2018 General,2018/11/06,18,7807,2018/11/06,13400,0.583
686,2018 General,2018/11/06,19,3657,2018/11/06,10101,0.362
687,2018 General,2018/11/06,20,3734,2018/11/06,8509,0.439
688,2018 General,2018/11/06,21,20531,2018/11/06,33605,0.611
689,2018 General,2018/11/06,22,12158,2018/11/06,17779,0.684
690,2018 General,2018/11/06,23,6406,2018/11/06,15040,0.426
691,2018 General,2018/11/06,24,5860,2018/11/06,12468,0.47
692,2018 General,2018/11/06,25,5108,2018/11/06,12824,0.398
693,2018 General,2018/11/06,26,7081,2018/11/06,12861,0.551
694,2018 General,2018/11/06,27,8412,2018/11/06,22310,0.377
695,2018 General,2018/11/06,28,4085,2018/11/06,8674,0.471
696,2018 General,2018/11/06,29,4534,2018/11/06,8076,0.561
697,2018 General,2018/11/06,30,9438,2018/11/06,14963,0.631
698,2018 General,2018/11/06,31,6853,2018/11/06,11922,0.575
699,2018 General,2018/11/06,32,7018,2018/11/06,15270,0.46
700,2018 General,2018/11/06,33,5237,2018/11/06,14251,0.367
701,2018 General,2018/11/06,34,15701,2018/11/06,26081,0.602
702,2018 General,2018/11/06,35,9733,2018/11/06,18955,0.513
703,2018 General,2018/11/06,36,12656,2018/11/06,22685,0.558
704,2018 General,2018/11/06,37,4256,2018/11/06,10552,0.403
705,2018 General,2018/11/06,38,7742,2018/11/06,13444,0.576
706,2018 General,2018/11/06,39,13772,2018/11/06,25864,0.532
707,2018 General,2018/11/06,40,14993,2018/11/06,29287,0.512
708,2018 General,2018/11/06,41,5689,2018/11/06,13067,0.435
709,2018 General,2018/11/06,42,7421,2018/11/06,17311,0.429
710,2018 General,2018/11/06,43,5422,2018/11/06,14375,0.377
711,2018 General,2018/11/06,44,5003,2018/11/06,9970,0.502
712,2018 General,2018/11/06,45,6506,2018/11/06,14709,0.442
713,2018 General,2018/11/06,46,10118,2018/11/06,16742,0.604
714,2018 General,2018/11/06,47,3362,2018/11/06,7534,0.446
715,2018 General,2018/11/06,48,6736,2018/11/06,13049,0.516
716,2018 General,2018/11/06,49,8711,2018/11/06,16926,0.515
717,2018 General,2018/11/06,50,13191,2018/11/06,19589,0.673
718,2018 General,2018/11/06,51,8132,2018/11/06,15306,0.531
719,2018 General,2018/11/06,52,10726,2018/11/06,18012,0.595
720,2018 General,2018/11/06,53,6835,2018/11/06,13096,0.522
721,2018 General,2018/11/06,54,4406,2018/11/06,10025,0.44
722,2018 General,2018/11/06,55,7249,2018/11/06,15149,0.479
723,2018 General,2018/11/06,56,11384,2018/11/06,22457,0.507
724,2018 General,2018/11/06,57,9214,2018/11/06,16947,0.544
725,2018 General,2018/11/06,58,15973,2018/11/06,28765,0.555
726,2018 General,2018/11/06,59,8784,2018/11/06,15576,0.564
727,2018 General,2018/11/06,60,7330,2018/11/06,13606,0.539
728,2018 General,2018/11/06,61,9915,2018/11/06,18032,0.55
729,2018 General,2018/11/06,62,7193,2018/11/06,16376,0.439
730,2018 General,2018/11/06,63,9665,2018/11/06,15424,0.627
731,2018 General,2018/11/06,64,4938,2018/11/06,9790,0.504
732,2018 General,2018/11/06,65,7589,2018/11/06,14354,0.529
733,2018 General,2018/11/06,66,15670,2018/11/06,27441,0.571
734,2018 Primary,2018/05/15,01,3713,2018/05/15,12508,0.297
735,2018 Primary,2018/05/15,02,5044,2018/05/15,19347,0.261
736,2018 Primary,2018/05/15,03,2289,2018/05/15,13406,0.171
737,2018 Primary,2018/05/15,04,2020,2018/05/15,13761,0.147
738,2018 Primary,2018/05/15,05,5977,2018/05/15,34299,0.174
739,2018 Primary,2018/05/15,06,1571,2018/05/15,9831,0.16
740,2018 Primary,2018/05/15,07,666,2018/05/15,14009,0.048
741,2018 Primary,2018/05/15,08,6191,2018/05/15,31168,0.199
742,2018 Primary,2018/05/15,09,4434,2018/05/15,12412,0.357
743,2018 Primary,2018/05/15,10,4028,2018/05/15,17459,0.231
744,2018 Primary,2018/05/15,11,1452,2018/05/15,9937,0.146
745,2018 Primary,2018/05/15,12,2624,2018/05/15,15502,0.169
746,2018 Primary,2018/05/15,13,2253,2018/05/15,14150,0.159
747,2018 Primary,2018/05/15,14,1188,2018/05/15,6010,0.198
748,2018 Primary,2018/05/15,15,3811,2018/05/15,13982,0.273
749,2018 Primary,2018/05/15,16,1081,2018/05/15,8540,0.127
750,2018 Primary,2018/05/15,17,2864,2018/05/15,16241,0.176
751,2018 Primary,2018/05/15,18,2418,2018/05/15,12534,0.193
752,2018 Primary,2018/05/15,19,1001,2018/05/15,9910,0.101
753,2018 Primary,2018/05/15,20,858,2018/05/15,8192,0.105
754,2018 Primary,2018/05/15,21,5675,2018/05/15,32313,0.176
755,2018 Primary,2018/05/15,22,5781,2018/05/15,17380,0.333
756,2018 Primary,2018/05/15,23,1663,2018/05/15,14712,0.113
757,2018 Primary,2018/05/15,24,1531,2018/05/15,11622,0.132
758,2018 Primary,2018/05/15,25,1371,2018/05/15,12548,0.109
759,2018 Primary,2018/05/15,26,2613,2018/05/15,12611,0.207
760,2018 Primary,2018/05/15,27,1783,2018/05/15,20605,0.087
761,2018 Primary,2018/05/15,28,1091,2018/05/15,8582,0.127
762,2018 Primary,2018/05/15,29,1363,2018/05/15,7710,0.177
763,2018 Primary,2018/05/15,30,3125,2018/05/15,14294,0.219
764,2018 Primary,2018/05/15,31,2330,2018/05/15,11308,0.206
765,2018 Primary,2018/05/15,32,1753,2018/05/15,14858,0.118
766,2018 Primary,2018/05/15,33,675,2018/05/15,14027,0.048
767,2018 Primary,2018/05/15,34,4669,2018/05/15,25607,0.182
768,2018 Primary,2018/05/15,35,1980,2018/05/15,18541,0.107
769,2018 Primary,2018/05/15,36,4037,2018/05/15,21803,0.185
770,2018 Primary,2018/05/15,37,1277,2018/05/15,10380,0.123
771,2018 Primary,2018/05/15,38,2383,2018/05/15,13087,0.182
772,2018 Primary,2018/05/15,39,6781,2018/05/15,25250,0.269
773,2018 Primary,2018/05/15,40,4312,2018/05/15,28704,0.15
774,2018 Primary,2018/05/15,41,1226,2018/05/15,12823,0.096
775,2018 Primary,2018/05/15,42,1490,2018/05/15,17032,0.087
776,2018 Primary,2018/05/15,43,1317,2018/05/15,14268,0.092
777,2018 Primary,2018/05/15,44,1405,2018/05/15,9821,0.143
778,2018 Primary,2018/05/15,45,1890,2018/05/15,14333,0.132
779,2018 Primary,2018/05/15,46,4024,2018/05/15,16050,0.251
780,2018 Primary,2018/05/15,47,806,2018/05/15,7123,0.113
781,2018 Primary,2018/05/15,48,1768,2018/05/15,12734,0.139
782,2018 Primary,2018/05/15,49,2404,2018/05/15,16719,0.144
783,2018 Primary,2018/05/15,50,6133,2018/05/15,19409,0.316
784,2018 Primary,2018/05/15,51,2538,2018/05/15,14993,0.169
785,2018 Primary,2018/05/15,52,3972,2018/05/15,17681,0.225
786,2018 Primary,2018/05/15,53,1499,2018/05/15,12841,0.117
787,2018 Primary,2018/05/15,54,705,2018/05/15,9827,0.072
788,2018 Primary,2018/05/15,55,2187,2018/05/15,15018,0.146
789,2018 Primary,2018/05/15,56,2804,2018/05/15,22214,0.126
790,2018 Primary,2018/05/15,57,2416,2018/05/15,16682,0.145
791,2018 Primary,2018/05/15,58,4421,2018/05/15,28395,0.156
792,2018 Primary,2018/05/15,59,2992,2018/05/15,15232,0.196
793,2018 Primary,2018/05/15,60,2266,2018/05/15,13112,0.173
794,2018 Primary,2018/05/15,61,2525,2018/05/15,17752,0.142
795,2018 Primary,2018/05/15,62,1252,2018/05/15,16005,0.078
796,2018 Primary,2018/05/15,63,2849,2018/05/15,15240,0.187
797,2018 Primary,2018/05/15,64,1609,2018/05/15,9761,0.165
798,2018 Primary,2018/05/15,65,2142,2018/05/15,14116,0.152
799,2018 Primary,2018/05/15,66,4518,2018/05/15,27099,0.167
800,2017 General,2017/11/07,01,3721,2017/11/07,12318,0.302
801,2017 General,2017/11/07,02,5938,2017/11/07,19258,0.308
802,2017 General,2017/11/07,03,2770,2017/11/07,13448,0.206
803,2017 General,2017/11/07,04,2540,2017/11/07,13770,0.184
804,2017 General,2017/11/07,05,7810,2017/11/07,33678,0.232
805,2017 General,2017/11/07,06,1911,2017/11/07,9814,0.195
806,2017 General,2017/11/07,07,621,2017/11/07,14012,0.044
807,2017 General,2017/11/07,08,8142,2017/11/07,30815,0.264
808,2017 General,2017/11/07,09,5200,2017/11/07,12273,0.424
809,2017 General,2017/11/07,10,4399,2017/11/07,17445,0.252
810,2017 General,2017/11/07,11,1619,2017/11/07,9956,0.163
811,2017 General,2017/11/07,12,3033,2017/11/07,15466,0.196
812,2017 General,2017/11/07,13,2675,2017/11/07,14178,0.189
813,2017 General,2017/11/07,14,1224,2017/11/07,5983,0.205
814,2017 General,2017/11/07,15,4546,2017/11/07,13839,0.328
815,2017 General,2017/11/07,16,1200,2017/11/07,8580,0.14
816,2017 General,2017/11/07,17,3406,2017/11/07,16271,0.209
817,2017 General,2017/11/07,18,2988,2017/11/07,12340,0.242
818,2017 General,2017/11/07,19,662,2017/11/07,9909,0.067
819,2017 General,2017/11/07,20,1039,2017/11/07,8360,0.124
820,2017 General,2017/11/07,21,8268,2017/11/07,31959,0.259
821,2017 General,2017/11/07,22,6158,2017/11/07,17249,0.357
822,2017 General,2017/11/07,23,1786,2017/11/07,14630,0.122
823,2017 General,2017/11/07,24,1849,2017/11/07,11579,0.16
824,2017 General,2017/11/07,25,1558,2017/11/07,12449,0.125
825,2017 General,2017/11/07,26,2669,2017/11/07,12491,0.214
826,2017 General,2017/11/07,27,2935,2017/11/07,20593,0.143
827,2017 General,2017/11/07,28,1310,2017/11/07,8592,0.152
828,2017 General,2017/11/07,29,1717,2017/11/07,7642,0.225
829,2017 General,2017/11/07,30,4032,2017/11/07,14195,0.284
830,2017 General,2017/11/07,31,2920,2017/11/07,11120,0.263
831,2017 General,2017/11/07,32,2197,2017/11/07,15007,0.146
832,2017 General,2017/11/07,33,824,2017/11/07,13978,0.059
833,2017 General,2017/11/07,34,5918,2017/11/07,25521,0.232
834,2017 General,2017/11/07,35,2748,2017/11/07,18417,0.149
835,2017 General,2017/11/07,36,4768,2017/11/07,21590,0.221
836,2017 General,2017/11/07,37,1270,2017/11/07,10388,0.122
837,2017 General,2017/11/07,38,3068,2017/11/07,13047,0.235
838,2017 General,2017/11/07,39,5770,2017/11/07,25065,0.23
839,2017 General,2017/11/07,40,4566,2017/11/07,28547,0.16
840,2017 General,2017/11/07,41,1669,2017/11/07,12730,0.131
841,2017 General,2017/11/07,42,1612,2017/11/07,17031,0.095
842,2017 General,2017/11/07,43,1236,2017/11/07,14329,0.086
843,2017 General,2017/11/07,44,1625,2017/11/07,9769,0.166
844,2017 General,2017/11/07,45,2085,2017/11/07,14225,0.147
845,2017 General,2017/11/07,46,4945,2017/11/07,15885,0.311
846,2017 General,2017/11/07,47,908,2017/11/07,7201,0.126
847,2017 General,2017/11/07,48,2202,2017/11/07,12675,0.174
848,2017 General,2017/11/07,49,2911,2017/11/07,16708,0.174
849,2017 General,2017/11/07,50,5960,2017/11/07,19376,0.308
850,2017 General,2017/11/07,51,3000,2017/11/07,14977,0.2
851,2017 General,2017/11/07,52,4713,2017/11/07,17670,0.267
852,2017 General,2017/11/07,53,1896,2017/11/07,12790,0.148
853,2017 General,2017/11/07,54,1041,2017/11/07,9864,0.106
854,2017 General,2017/11/07,55,2488,2017/11/07,15120,0.165
855,2017 General,2017/11/07,56,3902,2017/11/07,22245,0.175
856,2017 General,2017/11/07,57,3480,2017/11/07,16709,0.208
857,2017 General,2017/11/07,58,6102,2017/11/07,28399,0.215
858,2017 General,2017/11/07,59,3472,2017/11/07,15265,0.227
859,2017 General,2017/11/07,60,2836,2017/11/07,13038,0.218
860,2017 General,2017/11/07,61,3121,2017/11/07,17670,0.177
861,2017 General,2017/11/07,62,1717,2017/11/07,15944,0.108
862,2017 General,2017/11/07,63,4407,2017/11/07,15177,0.29
863,2017 General,2017/11/07,64,2011,2017/11/07,9814,0.205
864,2017 General,2017/11/07,65,3080,2017/11/07,14003,0.22
865,2017 General,2017/11/07,66,6644,2017/11/07,26987,0.246
866,2017 Primary,2017/05/16,01,3384,2017/05/16,12291,0.275
867,2017 Primary,2017/05/16,02,5438,2017/05/16,19196,0.283
868,2017 Primary,2017/05/16,03,2527,2017/05/16,13509,0.187
869,2017 Primary,2017/05/16,04,2306,2017/05/16,13868,0.166
870,2017 Primary,2017/05/16,05,6617,2017/05/16,33476,0.198
871,2017 Primary,2017/05/16,06,1769,2017/05/16,9894,0.179
872,2017 Primary,2017/05/16,07,712,2017/05/16,14132,0.05
873,2017 Primary,2017/05/16,08,6846,2017/05/16,30677,0.223
874,2017 Primary,2017/05/16,09,4626,2017/05/16,12297,0.376
875,2017 Primary,2017/05/16,10,3992,2017/05/16,17535,0.228
876,2017 Primary,2017/05/16,11,1609,2017/05/16,10034,0.16
877,2017 Primary,2017/05/16,12,2832,2017/05/16,15429,0.184
878,2017 Primary,2017/05/16,13,2532,2017/05/16,14181,0.179
879,2017 Primary,2017/05/16,14,1091,2017/05/16,5967,0.183
880,2017 Primary,2017/05/16,15,4108,2017/05/16,13812,0.297
881,2017 Primary,2017/05/16,16,1165,2017/05/16,8634,0.135
882,2017 Primary,2017/05/16,17,3154,2017/05/16,16343,0.193
883,2017 Primary,2017/05/16,18,2635,2017/05/16,12274,0.215
884,2017 Primary,2017/05/16,19,722,2017/05/16,9947,0.073
885,2017 Primary,2017/05/16,20,805,2017/05/16,8365,0.096
886,2017 Primary,2017/05/16,21,6372,2017/05/16,31999,0.199
887,2017 Primary,2017/05/16,22,5836,2017/05/16,17279,0.338
888,2017 Primary,2017/05/16,23,1543,2017/05/16,14708,0.105
889,2017 Primary,2017/05/16,24,1614,2017/05/16,11662,0.138
890,2017 Primary,2017/05/16,25,1108,2017/05/16,12413,0.089
891,2017 Primary,2017/05/16,26,2286,2017/05/16,12493,0.183
892,2017 Primary,2017/05/16,27,2208,2017/05/16,20532,0.108
893,2017 Primary,2017/05/16,28,1310,2017/05/16,8656,0.151
894,2017 Primary,2017/05/16,29,1509,2017/05/16,7604,0.198
895,2017 Primary,2017/05/16,30,3692,2017/05/16,14301,0.258
896,2017 Primary,2017/05/16,31,2454,2017/05/16,11058,0.222
897,2017 Primary,2017/05/16,32,1960,2017/05/16,15136,0.129
898,2017 Primary,2017/05/16,33,682,2017/05/16,14092,0.048
899,2017 Primary,2017/05/16,34,5375,2017/05/16,25536,0.21
900,2017 Primary,2017/05/16,35,2176,2017/05/16,18503,0.118
901,2017 Primary,2017/05/16,36,4350,2017/05/16,21496,0.202
902,2017 Primary,2017/05/16,37,1119,2017/05/16,10493,0.107
903,2017 Primary,2017/05/16,38,2780,2017/05/16,13059,0.213
904,2017 Primary,2017/05/16,39,5244,2017/05/16,25090,0.209
905,2017 Primary,2017/05/16,40,4030,2017/05/16,28556,0.141
906,2017 Primary,2017/05/16,41,1250,2017/05/16,12733,0.098
907,2017 Primary,2017/05/16,42,1478,2017/05/16,17205,0.086
908,2017 Primary,2017/05/16,43,1275,2017/05/16,14427,0.088
909,2017 Primary,2017/05/16,44,1580,2017/05/16,9842,0.161
910,2017 Primary,2017/05/16,45,1380,2017/05/16,14277,0.097
911,2017 Primary,2017/05/16,46,4840,2017/05/16,15920,0.304
912,2017 Primary,2017/05/16,47,854,2017/05/16,7279,0.117
913,2017 Primary,2017/05/16,48,1860,2017/05/16,12738,0.146
914,2017 Primary,2017/05/16,49,2589,2017/05/16,16752,0.155
915,2017 Primary,2017/05/16,50,5356,2017/05/16,19363,0.277
916,2017 Primary,2017/05/16,51,2642,2017/05/16,15093,0.175
917,2017 Primary,2017/05/16,52,4108,2017/05/16,17766,0.231
918,2017 Primary,2017/05/16,53,1574,2017/05/16,12785,0.123
919,2017 Primary,2017/05/16,54,828,2017/05/16,9953,0.083
920,2017 Primary,2017/05/16,55,1840,2017/05/16,15392,0.12
921,2017 Primary,2017/05/16,56,3071,2017/05/16,22354,0.137
922,2017 Primary,2017/05/16,57,2320,2017/05/16,16813,0.138
923,2017 Primary,2017/05/16,58,3719,2017/05/16,28573,0.13
924,2017 Primary,2017/05/16,59,3271,2017/05/16,15356,0.213
925,2017 Primary,2017/05/16,60,2540,2017/05/16,13016,0.195
926,2017 Primary,2017/05/16,61,2765,2017/05/16,17748,0.156
927,2017 Primary,2017/05/16,62,1365,2017/05/16,16057,0.085
928,2017 Primary,2017/05/16,63,2824,2017/05/16,15226,0.185
929,2017 Primary,2017/05/16,64,1212,2017/05/16,9906,0.122
930,2017 Primary,2017/05/16,65,2176,2017/05/16,14033,0.155
931,2017 Primary,2017/05/16,66,3914,2017/05/16,27026,0.145
